rsID	SNP	CHR	POS	REF	ALT	Frq	BETA	SE	P
rs123	1:725933_G_A	1	725933	A	G	0.0040	-0.0737	0.1394	0.597
rs124	1:725933_A_G	1	725933	A	G	0.9960	0.0737	0.1394	0.5973
rs131   1:725933_A_G    1       725933  A       G       0.9960  0.0737  0.1394  0.5975
rs125	1:749963	1	749963	T	C	0.9949	0.0490	0.1231	0.6908
rs126	1:749963	1	749963	T	TAA	0.1626	0.0213	0.0199	0.2846
rs127	1:751343_T_A	1	751343	A	T	0.1407	0.0172	0.0156	0.2705
rs133	1:751443_T_GA	1	751443	T	GA	0.8530	-0.0187	0.0174	0.283
rs128	1:751756_T_C	1	751756	T	C	0.8600	-0.0172	0.0156	0.2705
rs128	1:752566_G_A	1	752566	A	G	0.8422	-0.0155	0.0131	0.235
rs130	1:752721_A_G	1	752721	A	G	0.2507	0.0204	0.0147	0.165
