rsID	Gene	CHR	POS	REF/ALT	MAF	BETA	SE	P
rs3829738	PLEKHN1	1	909,309	T/C	0.209	0.023	0.004	1.80E-08
rs12748433	MIB2	1	1,559,971	C/T	0.366	-0.023	0.004	1.10E-08
rs7551097	MIR34A,H6PD	1	9,259,236	A/G	0.227	-0.021	0.004	2.20E-08
rs118100927	SPSB1,LOC100506022	1	9,472,981	T/C	0.102	0.037	0.005	3.50E-12
rs3170740	ATP13A2	1	17,312,743	C/T	0.318	0.041	0.003	1.50E-33
rs10917123	LINC00339	1	22,355,978	G/A	0.300	0.019	0.003	1.80E-09
rs28673728	INPP5B	1	38,409,073	A/G	0.435	-0.021	0.003	1.20E-11
rs3014240	CCDC17	1	46,089,225	C/G	0.308	-0.023	0.003	1.40E-13
rs3738316	LINC01389	1	47,902,817	G/A	0.224	-0.023	0.004	4.00E-10
rs10888713	CDKN2C,MIR4421	1	51,463,424	A/T	0.091	0.052	0.005	2.20E-23
rs10157941	PODN	1	53,548,986	C/G	0.182	-0.024	0.004	1.70E-09
rs6588608	MIR4422,PPAP2B	1	56,589,350	T/C	0.375	0.021	0.003	1.70E-10
rs278853	ZZZ3	1	78,130,243	T/C	0.400	-0.024	0.003	1.10E-14
rs11161636	DDAH1	1	86,010,248	A/G	0.477	-0.021	0.003	1.00E-12
rs35424856	PKN2	1	89,189,093	G/GC	0.468	0.034	0.003	4.10E-29
rs12217006	CSF1,AHCYL1	1	110,493,729	G/A	0.154	0.028	0.005	4.40E-09
rs1106287	MOV10	1	113,242,122	T/G	0.416	-0.022	0.003	3.60E-13
rs74523012	FAM46C,GDAP2	1	118,277,894	G/A	0.141	0.026	0.005	5.30E-09
rs7513464	SPAG17,TBX15	1	118,849,762	G/C	0.477	-0.049	0.003	1.10E-57
rs550617350	TBX15	1	119,482,365	T/TA	0.040	-0.051	0.008	3.40E-10
rs2353984	CHD1L,LINC00624	1	146,813,358	C/T	0.218	0.022	0.004	3.00E-11
rs11205277	SV2A,SF3B4	1	149,892,872	A/G	0.211	0.047	0.004	6.00E-36
rs58419446	FALEC	1	150,490,370	C/T	0.132	0.029	0.005	2.20E-11
rs6694357	MLLT11	1	151,035,628	A/C	0.032	0.051	0.009	1.10E-09
rs146128753	SLC27A3	1	153,750,682	G/A	0.014	0.092	0.013	1.50E-12
rs147355776	GATAD2B	1	153,847,970	A/C	0.087	0.040	0.006	1.10E-12
rs6686367	ARHGEF11	1	156,981,348	G/A	0.435	-0.023	0.003	4.30E-13
rs6702820	DDR2	1	162,603,881	A/G	0.200	0.024	0.004	2.90E-09
rs2213751	PRRX1	1	170,690,593	T/G	0.480	0.023	0.003	3.30E-13
NA	DNM3OS,MIR214,MIR3120	1	172,107,982	G/A	0.002	-0.195	0.033	1.40E-10
rs609702	DNM3	1	172,200,655	C/A	0.319	0.025	0.003	2.30E-15
rs5778914	PAPPA2	1	176,787,749	CT/C	0.297	0.031	0.003	8.30E-20
rs16854009	AXDND1	1	179,339,262	C/G	0.368	0.020	0.003	6.30E-10
rs6673775	CACNA1E	1	181,756,342	G/A	0.103	-0.030	0.005	3.90E-09
rs10911212	LAMC1	1	183,024,469	C/T	0.374	-0.020	0.003	9.20E-11
rs3814333	COLGALT2	1	184,007,119	C/T	0.421	0.038	0.003	4.10E-36
rs4472734	PTPN14	1	214,618,185	C/T	0.457	-0.025	0.003	5.70E-14
rs6684205	TGFB2	1	218,609,702	A/G	0.251	0.035	0.004	2.20E-23
rs36034473	MIR548F3	1	218,698,632	CG/C	0.038	0.051	0.008	1.40E-10
rs2527617	WNT9A,WNT3A	1	228,179,099	C/G	0.313	-0.030	0.003	1.20E-18
NA	PXDN	2	1,638,793	C/T	0.006	-0.163	0.021	6.50E-17
rs6735681	MYCN,GACAT3	2	16,123,173	T/C	0.492	-0.016	0.003	3.00E-09
rs28819846	KCNS3,RDH14	2	18,600,277	G/C	0.335	-0.019	0.003	4.20E-10
rs117735241	ATAD2B	2	24,077,979	G/A	0.035	-0.048	0.009	8.20E-10
rs398090202	ADCY3	2	25,056,584	T/TA	0.224	-0.025	0.004	2.70E-10
rs10185143	ADCY3,DNAJC27	2	25,150,758	T/C	0.499	-0.031	0.003	6.70E-28
rs11694842	DNMT3A	2	25,482,970	A/G	0.111	-0.035	0.005	3.00E-12
rs1260326	GCKR	2	27,730,940	T/C	0.443	0.023	0.003	1.50E-13
rs1038694	LOC100505736	2	28,373,552	A/G	0.393	0.019	0.003	1.70E-09
rs4670256	LTBP1	2	33,360,556	G/A	0.491	0.027	0.003	3.10E-17
rs3769528	LTBP1	2	33,471,192	A/G	0.154	-0.055	0.004	1.10E-36
rs3821169	CRIM1	2	36,583,461	G/T	0.273	0.021	0.004	1.30E-09
rs17018786	CRIM1	2	36,662,533	G/C	0.134	-0.039	0.005	6.50E-19
rs848602	CRIM1	2	36,778,372	G/A	0.226	-0.024	0.004	2.30E-11
rs76512216	QPCT,CDC42EP3	2	37,652,213	A/G	0.486	-0.017	0.003	8.80E-09
rs7589518	CDC42EP3,LINC00211	2	37,995,422	A/T	0.493	0.033	0.003	1.40E-26
rs202150945	CDC42EP3,LINC00211	2	37,998,250	G/A	0.081	-0.033	0.006	3.00E-08
rs67537903	PPM1B	2	44,422,111	G/A	0.258	-0.028	0.004	1.90E-14
rs1052788	SPTBN1	2	54,858,511	C/T	0.323	-0.019	0.003	7.80E-10
rs3791679	EFEMP1	2	56,096,892	A/G	0.243	-0.063	0.004	6.00E-77
rs6721145	EFEMP1,MIR217HG	2	56,183,542	A/G	0.235	0.023	0.004	9.60E-10
rs2674078	LOC101927285,MIR4432	2	59,793,495	G/A	0.186	-0.022	0.004	3.80E-08
rs10199672	USP34	2	61,627,634	T/G	0.304	0.024	0.003	4.80E-11
rs143765411	COMMD1	2	62,191,772	A/G	0.045	0.044	0.008	7.90E-09
rs4241349	ANTXR1	2	69,330,284	G/A	0.293	-0.022	0.003	2.50E-11
rs11685794	ANTXR1	2	69,357,036	G/A	0.419	0.018	0.003	4.70E-08
rs2670714	ZNF638	2	71,606,833	G/A	0.480	0.030	0.003	2.50E-22
rs2241059	CYP26B1	2	72,359,312	A/G	0.090	0.034	0.006	1.40E-09
rs2286965	CYP26B1	2	72,360,160	C/T	0.033	0.059	0.009	6.90E-13
rs138296890	EXOC6B	2	72,572,735	T/C	0.030	0.122	0.010	8.90E-32
rs77436581	DOK1	2	74,781,375	C/G	0.012	-0.114	0.015	3.60E-14
rs11898161	EIF2AK3	2	88,881,648	G/A	0.409	-0.029	0.003	3.30E-24
rs200267038	NONE,FAM95A	2	95,336,090	G/T	0.023	-0.107	0.017	2.20E-10
rs79460537	ANKRD39	2	97,523,885	G/A	0.078	-0.048	0.006	9.40E-18
rs11123740	SH3RF3	2	109,941,182	G/C	0.267	0.017	0.003	4.20E-08
rs13392139	GLI2	2	121,578,767	A/G	0.119	-0.038	0.005	4.30E-16
rs35362712	GLI2	2	121,614,451	C/CT	0.277	-0.021	0.003	7.60E-09
rs4954272	R3HDM1	2	136,376,515	A/G	0.236	-0.022	0.004	2.60E-10
rs7597768	STAT1	2	191,841,879	A/G	0.476	0.015	0.003	2.50E-08
NA	SATB2	2	200,141,875	G/A	0.027	-0.076	0.010	1.20E-13
rs1861631	IGFBP5,TNP1	2	217,605,925	A/C	0.150	0.024	0.004	5.40E-09
rs994532	DIRC3	2	218,284,210	A/G	0.328	-0.023	0.003	3.80E-14
rs3731866	VIL1	2	219,288,899	C/T	0.141	-0.041	0.005	2.80E-20
rs544577047	WNT6	2	219,729,259	G/A	0.002	-0.278	0.051	8.70E-09
rs371825	CRYBA2,MIR375	2	219,863,656	A/G	0.480	-0.022	0.003	2.10E-12
rs201104642	CCDC108	2	219,894,893	T/A	0.019	-0.080	0.012	1.60E-12
rs76709099	IHH	2	219,919,904	C/A	0.070	-0.049	0.006	3.70E-13
rs200216644	IHH	2	219,919,943	C/T	0.003	-0.177	0.029	8.40E-11
rs7588654	NHEJ1	2	219,983,030	C/T	0.387	-0.042	0.003	8.80E-42
rs143602646	RESP18,DNPEP	2	220,210,184	G/A	0.020	0.062	0.012	3.80E-08
rs7576030	SERPINE2	2	224,877,252	A/G	0.406	-0.024	0.003	1.60E-14
rs6737291	NCL	2	232,329,559	T/C	0.220	-0.028	0.004	1.80E-13
rs1249260	DIS3L2	2	233,046,182	C/T	0.442	-0.056	0.003	1.20E-71
rs117639576	KIF1A,AGXT	2	241,783,039	C/A	0.047	0.045	0.008	7.90E-10
rs9288725	LOC200772,SNED1	2	241,937,164	C/T	0.281	-0.021	0.004	6.10E-11
rs59345329	PASK	2	242,083,763	T/C	0.258	0.034	0.004	6.40E-20
rs5839768	BOK	2	242,500,558	C/CT	0.475	-0.022	0.003	1.60E-12
rs2270894	CRELD1\x3bIL17RC	3	9,975,386	C/G	0.467	-0.030	0.003	1.00E-19
rs2443718	VGLL4	3	11,677,823	A/C	0.094	0.035	0.005	7.10E-11
rs4575884	LSM3,LINC01267	3	14,255,767	T/C	0.295	-0.020	0.003	5.40E-09
rs57515741	LINC01267,SLC6A6	3	14,400,650	G/A	0.443	-0.017	0.003	1.10E-08
rs61509315	CCDC12	3	46,977,951	G/T	0.165	0.038	0.004	3.80E-21
rs56027700	PRKAR2A	3	48,867,039	ATG/A	0.320	-0.024	0.004	1.00E-08
rs4234633	STAB1	3	52,557,038	C/T	0.419	-0.020	0.003	4.60E-09
NA	NEK4	3	52,781,335	G/A	0.009	-0.118	0.018	6.90E-11
rs2564923	SFMBT1,RFT1	3	53,103,262	A/G	0.209	-0.030	0.004	3.50E-15
rs6445857	IL17RD	3	57,147,129	A/G	0.474	0.016	0.003	2.10E-08
rs9859562	LINC00870,RYBP	3	72,396,241	C/T	0.375	-0.027	0.003	4.40E-17
rs2203949	DCBLD2,MIR548G	3	98,981,050	A/G	0.086	0.037	0.006	2.10E-11
rs60550942	MIR548G	3	99,347,671	G/C	0.365	0.022	0.003	1.20E-12
rs78229644	PCNP,ZBTB11	3	101,357,106	T/G	0.095	0.030	0.005	8.30E-10
rs6778790	LOC101929607,BBX	3	107,184,851	C/A	0.169	-0.026	0.004	2.80E-10
rs75755325	CCDC80	3	112,355,269	C/T	0.333	0.026	0.003	3.00E-14
rs11923603	LOC101929717	3	112,875,949	G/A	0.279	0.024	0.003	3.10E-11
rs12631733	BOC	3	112,991,117	C/T	0.487	-0.018	0.003	5.40E-10
rs2055981	LOC101929754	3	114,203,969	T/C	0.471	0.021	0.003	7.10E-13
rs4277680	LINC00901,IGSF11	3	117,605,916	A/G	0.378	0.018	0.003	2.70E-08
rs7428883	COPG1	3	128,983,853	A/G	0.256	0.035	0.004	2.40E-23
rs9812461	SLCO2A1,RYK	3	133,820,689	G/A	0.466	0.021	0.003	5.50E-12
rs9841212	MIR4788,ANAPC13	3	134,191,938	C/T	0.282	0.030	0.003	6.80E-18
rs74888405	ZBTB38	3	141,118,232	T/C	0.303	0.065	0.003	2.50E-88
rs148051196	PLOD2	3	145,794,588	T/C	0.007	0.131	0.021	3.80E-11
rs4596113	LOC440982,AGTR1	3	147,292,393	G/A	0.329	-0.018	0.003	2.30E-08
rs116959924	WWTR1	3	149,375,592	G/T	0.096	-0.035	0.005	6.00E-12
rs2686544	PQLC2L,SHOX2	3	157,784,216	C/T	0.486	-0.021	0.003	7.40E-11
rs1397899	LOC100507661,MECOM	3	168,741,644	T/C	0.362	-0.019	0.003	2.30E-09
rs75193859	MECOM	3	169,046,537	G/A	0.084	0.043	0.006	4.60E-14
rs55641330	MECOM	3	169,225,690	T/C	0.374	-0.022	0.003	2.70E-12
rs4894797	FNDC3B	3	171,783,546	G/A	0.402	0.018	0.003	2.30E-08
rs4894539	FNDC3B	3	171,999,283	G/T	0.402	0.038	0.003	1.60E-35
rs6774762	GHSR	3	172,164,990	A/G	0.249	-0.035	0.004	5.20E-23
NA	IGF2BP2	3	185,513,482	A/G	0.003	0.384	0.053	3.70E-13
rs764129	IGF2BP2,TRA2B	3	185,547,917	C/T	0.344	0.018	0.003	9.30E-09
rs1056932	BCL6	3	187,447,032	G/A	0.158	-0.032	0.004	1.10E-14
rs77395168	SNAR-I,OSTN	3	190,789,852	G/C	0.112	-0.030	0.005	3.30E-08
rs1195358	SNAR-I,OSTN	3	190,819,094	A/T	0.331	0.024	0.003	3.50E-14
rs149877182	ACAP2,MIR5692C1	3	195,197,079	G/A	0.233	0.023	0.004	1.70E-08
rs17132259	POLN	4	2,146,436	C/T	0.215	-0.026	0.004	1.70E-10
rs59950280	HGFAC,DOK7	4	3,452,345	G/A	0.466	-0.017	0.003	3.30E-08
rs3756173	CPZ	4	8,598,698	C/T	0.415	-0.032	0.003	2.00E-22
rs7677078	LOC101929019,RAB28	4	12,892,996	A/G	0.479	-0.017	0.003	1.90E-08
rs75198716	LCORL	4	17,880,391	T/A	0.009	-0.135	0.021	9.90E-12
rs7700107	LCORL	4	17,880,416	A/C	0.241	-0.086	0.004	2.30E-124
rs79640067	LCORL	4	17,880,472	T/A	0.036	-0.067	0.010	1.40E-11
rs2707450	LCORL	4	17,942,560	C/T	0.492	-0.029	0.004	2.80E-15
rs73139938	LINC01258	4	38,504,069	T/A	0.376	-0.019	0.003	4.70E-09
rs2066790	MIR1273H	4	39,318,706	A/G	0.236	-0.021	0.004	2.90E-08
rs1996422	FRYL	4	48,687,351	A/G	0.286	0.023	0.003	7.50E-11
rs10517245	SPATA18,USP46	4	53,029,685	G/A	0.344	0.018	0.003	1.70E-08
rs78829811	PDCL2	4	56,424,425	A/T	0.384	0.021	0.003	1.60E-10
rs2227901	REST	4	57,798,189	G/A	0.385	0.031	0.003	1.20E-23
rs9995997	ADAMTS3,COX18	4	73,527,513	G/A	0.398	-0.021	0.004	5.20E-09
rs55854248	ADAMTS3,COX18	4	73,529,752	C/T	0.242	0.039	0.004	1.40E-26
rs3822224	PRKG2	4	82,010,773	T/C	0.354	0.020	0.003	8.20E-10
rs4463061	PRKG2,RASGEF1B	4	82,200,142	T/C	0.214	0.043	0.004	1.60E-30
rs3733632	TACR3	4	104,640,935	A/G	0.383	0.023	0.003	2.70E-12
rs6533181	TET2	4	106,074,826	T/G	0.182	0.041	0.004	3.10E-24
rs75242248	LEF1-AS1,RPL34-AS1	4	109,416,136	A/T	0.228	-0.028	0.004	3.60E-12
rs35912034	LINC01091,LOC101927087	4	124,946,032	C/CT	0.297	0.019	0.003	6.80E-09
rs12511998	LINC00499,CCRN4L	4	139,918,444	G/A	0.317	0.017	0.003	2.90E-08
rs28429458	GAB1,SMARCA5	4	144,417,447	G/A	0.457	0.020	0.003	1.40E-10
rs34377763	GYPA,HHIP-AS1	4	145,548,939	G/A	0.395	-0.024	0.004	3.10E-11
rs13125694	HHIP-AS1	4	145,566,848	C/T	0.193	0.046	0.004	1.40E-28
rs55941720	HHIP,ANAPC10	4	145,903,036	C/T	0.158	0.033	0.005	1.80E-14
rs2310357	SORBS2	4	186,697,494	T/C	0.298	0.019	0.003	2.20E-09
rs2194178	NPR3	5	32,718,044	C/T	0.321	-0.023	0.003	7.60E-14
rs34555832	NPR3	5	32,777,345	G/C	0.319	-0.021	0.003	1.30E-11
rs112958363	LOC340113,TARS	5	33,279,759	T/C	0.415	0.017	0.003	1.90E-08
rs300053	NIPBL,C5orf42	5	37,075,545	T/G	0.454	-0.023	0.003	3.00E-12
rs34356831	DAB2	5	39,390,121	A/AT	0.289	-0.020	0.003	1.50E-08
NA	NA	5	42,628,418	G/<CN0>	0.133	0.025	0.005	1.70E-08
rs2972770	GHR,CCDC152	5	42,731,772	G/A	0.450	-0.030	0.003	2.30E-22
rs1039440	LOC100287592,LOC642366	5	50,500,628	A/G	0.155	0.026	0.004	1.10E-09
rs38059	LOC257396,FST	5	52,557,594	G/T	0.330	0.018	0.003	7.70E-09
rs13162062	PPAP2A,SLC38A9	5	54,901,642	A/G	0.417	-0.027	0.003	4.80E-18
rs16893717	ADAMTS6	5	64,644,871	C/T	0.129	-0.061	0.005	3.50E-33
rs72760562	ADAMTS6	5	64,672,716	T/C	0.100	0.044	0.005	2.00E-17
rs3730088	PIK3R1	5	67,588,000	A/G	0.147	-0.035	0.004	5.80E-15
rs250517	TNPO1	5	72,200,626	G/C	0.166	-0.030	0.004	2.00E-12
rs2217257	MEF2C-AS1,MIR3660	5	88,342,592	C/T	0.433	-0.036	0.003	4.30E-30
rs4075350	MCC	5	112,373,718	G/A	0.315	-0.023	0.003	2.90E-13
rs201257518	LOC102467217,CDO1	5	115,016,389	AT/A	0.370	0.023	0.003	9.10E-14
rs9327294	CEP120	5	122,716,819	C/A	0.443	-0.023	0.003	2.30E-14
rs36704	SLC12A2,FBN2	5	127,554,218	C/T	0.248	-0.021	0.004	3.60E-08
rs154001	FBN2	5	127,685,135	C/T	0.106	0.036	0.005	4.30E-14
rs397831028	SEPT8,SOWAHA	5	132,126,089	T/TC	0.389	0.019	0.003	3.70E-09
rs658621	CATSPER3,PITX1	5	134,356,158	T/C	0.395	-0.024	0.003	2.30E-15
rs17844666	PCDHB16	5	140,564,263	C/T	0.460	0.019	0.003	4.10E-10
rs2908532	NDFIP1,SPRY4	5	141,621,884	C/A	0.223	0.018	0.004	3.70E-08
rs34427173	LOC101926941	5	141,708,189	TC/T	0.332	-0.018	0.003	2.10E-09
rs145613835	ARHGAP26	5	142,464,438	C/T	0.072	-0.033	0.006	1.10E-08
rs2974438	SLIT3	5	168,250,903	G/A	0.200	-0.035	0.004	1.30E-20
rs4073717	FGF18	5	170,864,021	G/T	0.150	-0.034	0.004	5.20E-16
rs6898981	FGF18,SMIM23	5	171,026,158	A/G	0.224	0.027	0.004	2.00E-12
rs27947	FGF18,SMIM23	5	171,200,659	T/G	0.433	-0.033	0.003	1.10E-24
rs11424823	SMIM23,FBXW11	5	171,284,642	G/GC	0.401	0.029	0.003	1.60E-19
rs6874142	STC2	5	172,753,555	T/G	0.028	0.058	0.012	2.50E-08
rs17738166	MIR8056,LOC285593	5	172,997,978	G/A	0.340	-0.025	0.003	9.80E-15
rs244711	ZNF346,FGFR4	5	176,509,193	C/T	0.324	0.025	0.004	2.50E-10
rs1966265	FGFR4	5	176,516,631	G/A	0.452	0.020	0.003	1.20E-11
rs6890580	NSD1	5	176,653,520	G/A	0.498	0.022	0.004	2.00E-08
rs722585	GMDS	6	1,775,863	G/A	0.396	-0.019	0.003	5.30E-10
rs9379084	RREB1	6	7,231,843	G/A	0.274	-0.037	0.004	3.80E-25
rs9379130	SNRNP48,BMP6	6	7,702,659	G/C	0.245	0.022	0.004	3.00E-10
rs9379833	HIST1H4E,HIST1H2BG	6	26,207,175	C/A	0.165	-0.061	0.004	7.00E-51
rs763009	LINC01556,ZNF311	6	28,915,108	T/C	0.417	-0.016	0.003	9.00E-09
rs34429926	HLA-C,HLA-B	6	31,319,397	G/A	0.198	0.040	0.004	4.20E-24
rs565478760	HLA-DQB1,HLA-DQA2	6	32,655,848	TATG/T	0.124	-0.032	0.005	4.20E-11
rs117232140	HLA-DPB2	6	33,096,707	T/C	0.009	-0.106	0.018	1.80E-08
rs35381162	HMGA1	6	34,211,341	GT/G	0.136	-0.091	0.005	2.10E-93
rs182665950	C6orf1,NUDT3	6	34,240,903	C/T	0.014	0.086	0.015	1.50E-09
rs573582724	NUDT3,RPS10-NUDT3	6	34,257,615	C/A	0.004	-0.245	0.027	3.30E-20
rs74676654	SCUBE3	6	35,216,542	G/A	0.100	0.037	0.006	2.00E-11
rs118173262	ZNF76	6	35,243,836	C/T	0.050	-0.045	0.007	2.20E-10
rs1928191	DAAM2	6	39,776,360	C/A	0.443	0.018	0.003	1.10E-08
rs2254303	CRIP3	6	43,276,390	G/A	0.352	0.019	0.003	7.10E-09
rs3799969	SUPT3H	6	44,810,351	T/G	0.278	-0.025	0.003	9.00E-14
rs6911764	RNU6-71P	6	56,288,711	T/C	0.058	0.034	0.007	2.70E-08
rs12212816	LOC101928540	6	76,166,164	C/T	0.170	0.034	0.004	5.30E-18
rs3805859	BCKDHB	6	81,048,946	C/A	0.496	-0.028	0.003	2.60E-19
rs549752801	BCKDHB,FAM46A	6	81,283,723	T/A	0.141	0.028	0.005	5.60E-10
rs1902070	BCKDHB,FAM46A	6	81,338,495	C/T	0.396	-0.030	0.003	2.20E-21
rs855569	RNGTT,PNRC1	6	89,756,995	A/G	0.308	-0.019	0.003	3.60E-09
rs12207399	LINC00577	6	105,385,612	G/A	0.285	-0.039	0.003	1.20E-31
rs846955	SOBP	6	107,958,326	G/A	0.455	-0.018	0.003	8.00E-09
rs1159806	FOXO3	6	109,006,838	A/T	0.238	-0.022	0.004	4.50E-08
rs12529733	CCDC162P,CD164	6	109,654,132	T/C	0.402	-0.017	0.003	9.40E-09
rs1327199	FYN,WISP3	6	112,275,360	G/A	0.312	-0.018	0.003	2.70E-08
rs7452125	RFX6,VGLL2	6	117,505,882	G/A	0.483	0.020	0.003	6.40E-10
rs2571573	LAMA2	6	129,830,341	G/T	0.374	0.020	0.003	1.40E-10
rs6920244	TMEM244,L3MBTL3	6	130,319,527	A/T	0.135	0.033	0.005	2.50E-11
rs6569647	TMEM244,L3MBTL3	6	130,337,266	T/C	0.402	-0.041	0.003	1.20E-40
rs6569648	L3MBTL3	6	130,349,119	C/T	0.035	-0.050	0.008	2.60E-09
rs7765757	EPB41L2	6	131,371,748	C/T	0.130	0.034	0.005	2.80E-13
rs9373014	MOXD1	6	132,687,248	T/C	0.114	-0.030	0.005	4.50E-09
rs17069206	LOC645434,LOC100132735	6	140,007,877	T/C	0.243	-0.022	0.004	1.30E-08
rs972982	ADGRG6	6	142,666,861	T/C	0.434	-0.033	0.003	1.90E-27
rs2071454	ESR1	6	152,126,824	T/G	0.331	0.041	0.003	1.30E-33
rs3020359	ESR1	6	152,365,263	T/C	0.477	0.020	0.003	2.20E-10
rs3798758	ESR1	6	152,421,854	C/A	0.268	-0.018	0.003	1.40E-08
rs9364552	SLC22A3	6	160,782,934	G/C	0.324	-0.022	0.003	3.20E-10
rs6932209	QKI,C6orf118	6	164,173,967	C/T	0.272	0.020	0.003	1.40E-09
rs17523008	SMOC2,LOC101929504	6	169,353,250	A/G	0.248	-0.022	0.004	6.50E-10
rs78148157	UNCX	7	1,271,744	C/T	0.352	-0.020	0.003	2.80E-11
rs798557	AMZ1,GNA12	7	2,758,982	G/A	0.262	-0.051	0.004	6.70E-45
rs2240857	GLCCI1	7	8,010,634	T/G	0.235	-0.026	0.004	1.80E-12
rs116907627	SCIN	7	12,610,578	C/T	0.034	0.055	0.009	5.20E-12
rs2285440	HDAC9	7	18,698,661	T/G	0.491	-0.028	0.003	1.20E-20
rs1178099	HDAC9	7	18,735,247	T/C	0.429	0.024	0.004	4.20E-10
rs13233322	HDAC9	7	18,915,701	C/A	0.315	-0.022	0.003	2.60E-09
rs2240278	HDAC9	7	19,018,221	C/T	0.270	0.021	0.004	7.60E-09
rs17140875	FERD3L,TWISTNB	7	19,248,278	G/T	0.078	-0.052	0.006	4.30E-17
rs2024348	FERD3L,TWISTNB	7	19,529,484	G/C	0.050	0.043	0.007	2.50E-09
rs62446652	FERD3L,TWISTNB	7	19,549,163	G/C	0.149	0.031	0.004	4.40E-13
rs12700691	MIR148A,NFE2L3	7	26,029,486	T/C	0.140	-0.029	0.004	2.20E-10
rs79870814	GARS	7	30,635,521	G/C	0.043	0.045	0.008	6.00E-09
rs10250729	MIR550B2,LINC00997	7	32,784,727	T/C	0.219	0.025	0.004	1.20E-10
rs2700983	ELMO1	7	37,394,379	A/C	0.155	-0.023	0.004	2.10E-08
rs3055240	EPDR1,STARD3NL	7	38,146,624	AAT/A	0.301	0.026	0.003	2.70E-13
rs17847676	IGFBP3	7	45,954,540	C/T	0.007	-0.153	0.021	3.50E-14
rs1540825	IGFBP3,TNS3	7	46,073,275	T/C	0.331	-0.040	0.003	1.00E-36
rs6978655	IGFBP3,TNS3	7	46,171,683	C/T	0.208	0.024	0.004	1.50E-10
rs13221259	IGFBP3,TNS3	7	46,364,172	A/G	0.385	-0.018	0.003	1.40E-08
rs371273023	ZNF713	7	55,956,436	A/ATGCGTACATACG	0.388	-0.024	0.003	2.10E-15
rs34823076	FKBP6	7	72,754,096	A/AC	0.322	0.022	0.003	3.10E-11
rs11770437	WBSCR28,ELN	7	73,319,809	C/T	0.380	-0.034	0.003	3.90E-26
rs42377	CDK6	7	92,243,672	G/A	0.101	0.042	0.005	9.00E-16
rs445	CDK6	7	92,408,370	C/T	0.310	-0.037	0.003	2.80E-28
rs1963304	ZKSCAN1	7	99,625,796	T/G	0.406	-0.024	0.003	1.70E-14
rs3110823	C7orf73	7	135,357,476	A/C	0.424	0.016	0.003	1.30E-08
rs273966	CREB3L2	7	137,590,864	T/C	0.140	0.028	0.004	1.00E-10
rs822530	EZH2,GHET1	7	148,631,555	A/T	0.220	0.028	0.004	3.20E-13
rs2608291	ABCF2	7	150,905,444	C/T	0.212	0.022	0.004	8.20E-09
rs117489831	DLC1	8	13,351,165	A/G	0.080	-0.033	0.006	9.80E-09
rs117494579	CSGALNACT1	8	19,363,306	G/A	0.019	-0.085	0.011	5.50E-14
rs202243137	LOXL2	8	23,171,492	G/A	0.263	0.035	0.004	2.80E-24
rs11135740	ENTPD4,SLC25A37	8	23,367,757	G/A	0.462	-0.018	0.003	7.40E-09
rs557942	MIR3622B,CCDC25	8	27,569,971	T/C	0.433	-0.015	0.003	2.40E-08
rs7842666	CCDC25	8	27,630,152	G/A	0.191	-0.023	0.004	1.60E-09
rs149566421	NONE,LINC00293	8	47,286,953	G/A	0.095	-0.033	0.006	4.00E-08
rs3929448	UBE2V2,LOC101929268	8	49,375,567	T/C	0.290	0.020	0.003	2.70E-09
rs62515430	PLAG1	8	57,109,358	C/T	0.257	0.038	0.004	1.40E-22
rs36112366	CHCHD7,SDR16C5	8	57,138,676	T/G	0.086	-0.079	0.006	4.30E-47
rs67742458	CHCHD7,SDR16C5	8	57,170,647	A/G	0.046	-0.063	0.010	5.00E-09
rs376362701	SDR16C5,SDR16C6P	8	57,283,748	G/A	0.005	-0.161	0.026	9.40E-11
rs35484123	TOX,CA8	8	60,599,329	T/G	0.375	0.019	0.003	1.30E-10
rs4735761	PEX2,LOC102724874	8	78,097,161	A/C	0.214	0.032	0.004	2.80E-18
rs10505258	TRPS1	8	116,602,855	T/C	0.263	-0.029	0.004	9.60E-17
rs7817087	LINC00536,EIF3H	8	117,564,936	G/A	0.410	-0.020	0.003	7.20E-11
rs4871222	NOV,ENPP2	8	120,467,209	C/G	0.234	-0.020	0.004	1.70E-09
rs6992491	MIR1208,LINC00824	8	129,197,903	C/G	0.361	0.019	0.003	2.70E-10
rs6470763	CCDC26,GSDMC	8	130,720,646	G/C	0.360	-0.032	0.003	1.10E-23
rs7000796	ZFAT	8	135,664,673	T/G	0.500	-0.023	0.003	9.90E-14
rs76411146	GPR20,PTP4A3	8	142,396,379	C/CT	0.454	0.022	0.003	3.00E-11
rs62524728	TOP1MT	8	144,402,338	A/G	0.146	-0.035	0.005	1.30E-15
rs11783772	PLEC	8	145,008,443	A/T	0.195	-0.022	0.004	1.80E-08
rs202237966	JAK2	9	5,089,770	G/A	0.001	-0.344	0.060	1.10E-08
rs2013966	GLDC	9	6,539,256	T/C	0.364	-0.016	0.003	2.30E-08
rs4961737	BNC2	9	16,721,067	G/A	0.474	0.025	0.003	1.30E-16
rs558830051	FAM205A,FAM205BP	9	34,766,707	A/G	0.011	-0.108	0.016	4.80E-12
rs1322045	MSMP	9	35,754,500	G/A	0.260	0.025	0.004	9.00E-13
rs114147262	NPR2	9	35,806,217	C/T	0.004	0.129	0.025	4.80E-08
rs35307904	PCSK5	9	78,511,889	G/A	0.082	-0.054	0.006	1.80E-19
rs7869196	PCSK5	9	78,756,886	C/T	0.338	-0.020	0.003	8.40E-10
rs277727	C9orf170,DAPK1	9	89,799,501	C/A	0.438	0.021	0.003	2.60E-10
rs2083197	SPATA31C2,SPIN1	9	90,882,058	G/A	0.127	-0.027	0.005	1.20E-08
NA	CENPP	9	95,123,569	C/T	0.005	-0.177	0.024	2.90E-15
rs200560216	IPPK,BICD2	9	95,434,421	GT/G	0.187	-0.028	0.004	6.70E-12
rs28778940	PTCH1,LINC00476	9	98,298,352	G/A	0.202	0.038	0.004	9.30E-23
rs10120219	PTCH1,LINC00476	9	98,364,547	C/T	0.493	0.033	0.003	1.40E-29
rs62558978	PTCH1,LINC00476	9	98,515,034	G/A	0.216	-0.022	0.004	5.80E-09
rs141760764	HABP4,CDC14B	9	99,259,568	AGGCGGGGAGGCAGG/A	0.045	0.055	0.008	1.00E-13
rs80311040	LINC01505,ZNF462	9	109,463,806	C/T	0.021	0.073	0.012	2.90E-09
rs6477545	LINC01505,ZNF462	9	109,616,024	G/T	0.285	0.028	0.003	1.30E-15
rs10978677	MIR548Q	9	109,685,461	C/A	0.094	-0.039	0.005	4.30E-12
rs3818932	IKBKAP	9	111,664,178	T/C	0.287	-0.022	0.003	2.50E-10
rs12236727	LPAR1,MIR7702	9	113,824,581	C/T	0.463	-0.021	0.003	2.20E-11
rs7036399	ZNF483	9	114,287,425	T/G	0.243	0.027	0.004	2.90E-15
rs7858562	PTGR1,ZNF483	9	114,324,948	A/G	0.245	-0.020	0.004	1.30E-08
rs62576695	DEC1,LOC101928775	9	118,309,051	C/T	0.120	0.036	0.005	5.50E-15
rs10817888	ASTN2	9	119,190,533	G/A	0.297	-0.021	0.003	5.50E-10
rs1359328	MEGF9	9	123,370,822	T/C	0.406	-0.018	0.003	1.60E-08
rs10818788	STRBP	9	125,956,241	T/A	0.208	-0.023	0.004	3.80E-10
rs2313526	FUBP3,PRDM12	9	133,515,338	G/C	0.324	0.035	0.003	9.40E-27
rs2073872	TMEM8C	9	136,390,116	T/G	0.362	-0.023	0.004	7.00E-11
rs62578989	QSOX2	9	139,101,583	G/T	0.362	0.043	0.003	2.20E-38
rs914328	CAMK1D	10	12,828,453	T/G	0.500	0.018	0.003	4.90E-09
rs35741360	CCDC3	10	12,945,180	G/A	0.203	-0.041	0.004	3.50E-28
rs148927472	SPAG6	10	22,661,764	T/C	0.025	-0.073	0.013	1.90E-08
rs7081744	PIP4K2A	10	22,847,893	A/G	0.359	-0.023	0.003	4.60E-12
rs59596477	RAB18,MKX	10	27,944,544	AG/A	0.232	-0.023	0.004	3.40E-10
rs7084828	SVILP1,ZNF438	10	31,118,065	G/C	0.362	-0.024	0.003	2.70E-14
rs76442815	PRKG1	10	52,780,435	G/C	0.125	0.029	0.005	1.70E-09
rs12776510	ANK3	10	62,167,928	C/T	0.202	0.023	0.004	1.90E-09
rs4948492	ARID5B	10	63,719,739	C/T	0.356	-0.018	0.003	2.80E-08
rs35787829	TET1	10	70,343,196	G/GA	0.211	-0.031	0.004	1.60E-15
rs12357239	TSPAN15,NEUROG3	10	71,303,321	T/G	0.305	0.020	0.004	7.20E-09
rs111228444	ANAPC16	10	73,991,472	G/A	0.099	0.035	0.005	2.60E-11
rs11001278	DUPD1,DUSP13	10	76,829,757	A/G	0.347	0.022	0.003	1.20E-11
rs1658319	ZMIZ1	10	80,925,014	T/C	0.341	-0.024	0.003	1.30E-13
rs7092536	PPIF,ZCCHC24	10	81,131,332	A/C	0.348	-0.027	0.003	1.40E-16
rs2785079	PTEN,RNLS	10	89,782,386	G/A	0.126	0.022	0.005	3.00E-08
rs1172955	ENTPD1-AS1,ZNF518A	10	97,877,320	T/A	0.205	-0.023	0.004	3.00E-09
rs61875311	LOXL4	10	100,027,987	C/G	0.292	-0.019	0.003	1.30E-08
rs57707166	TAF5	10	105,148,650	A/C	0.093	-0.040	0.005	1.10E-13
rs1129555	GPAM	10	113,910,721	A/G	0.224	0.020	0.004	5.70E-09
rs2292626	PLEKHA1	10	124,186,714	C/T	0.426	0.021	0.003	5.20E-13
rs1563278	LHPP	10	126,286,228	G/A	0.397	-0.019	0.003	4.80E-10
rs10901821	METTL10	10	126,480,556	T/C	0.201	0.028	0.004	2.10E-13
rs61872120	FAM175B,ZRANB1	10	126,583,588	T/G	0.246	0.032	0.004	3.30E-18
rs2070762	TH	11	2,186,335	A/G	0.467	0.037	0.003	2.00E-34
rs3216306	KCNQ1	11	2,726,707	CG/C	0.114	-0.035	0.005	2.10E-12
rs143840904	KCNQ1	11	2,813,322	C/T	0.016	-0.115	0.015	7.80E-17
rs61869763	KCNQ1	11	2,813,345	C/T	0.192	0.041	0.004	1.80E-25
rs7952320	LMO1	11	8,250,143	G/C	0.226	0.021	0.004	1.20E-09
rs10770036	ZNF143	11	9,537,416	G/C	0.298	0.033	0.004	3.70E-21
rs79732015	RRAS2,COPB1	11	14,471,139	T/G	0.091	-0.080	0.006	6.70E-47
rs2582300	LOC102724957,SOX6	11	15,927,544	G/T	0.294	0.021	0.004	4.60E-10
rs10500834	SPTY2D1	11	18,638,712	A/T	0.470	-0.019	0.003	7.80E-11
rs149580940	FIBIN	11	27,016,411	A/G	0.038	-0.076	0.009	1.40E-19
rs17790804	PSMC3	11	47,447,202	T/C	0.412	0.034	0.003	8.60E-27
rs17148127	OR5L2,OR5D16	11	55,601,016	G/C	0.186	0.026	0.004	2.60E-10
rs10526240	TMX2-CTNND1,OR9Q1	11	57,771,538	T/A	0.385	-0.025	0.003	6.70E-13
rs77466626	FADS2	11	61,631,690	T/C	0.470	0.025	0.003	1.20E-16
rs684546	CST6,CATSPER1	11	65,782,622	G/T	0.302	0.024	0.003	2.30E-12
rs139866833	MYEOV,LINC01488	11	69,253,486	T/C	0.016	-0.068	0.013	4.30E-08
rs1938679	MYEOV,LINC01488	11	69,272,096	C/T	0.320	-0.032	0.003	1.50E-23
rs11323064	MYEOV,LINC01488	11	69,280,106	CA/C	0.321	-0.023	0.004	1.60E-10
rs113841147	CLPB	11	72,068,278	ACGTG/A	0.096	-0.029	0.005	4.60E-09
rs7109103	GDPD5,SERPINH1	11	75,253,828	G/C	0.171	0.023	0.004	3.50E-08
rs645935	SERPINH1	11	75,279,290	T/C	0.471	-0.032	0.003	3.10E-25
rs531971847	LOC101928865	11	78,134,158	C/CTTAAAAA	0.462	0.017	0.003	4.10E-09
rs2289125	NOX4	11	89,224,453	A/C	0.496	0.025	0.003	1.50E-14
rs10892566	ARHGEF12	11	120,241,923	T/C	0.269	-0.027	0.004	1.30E-14
rs12222197	DDX25,CDON	11	125,825,224	G/T	0.392	0.020	0.003	7.50E-09
rs78689694	ST3GAL4	11	126,234,820	G/C	0.358	0.020	0.003	1.90E-09
rs11220465	ST3GAL4	11	126,257,779	G/A	0.472	-0.025	0.004	6.90E-09
rs11560874	LOC101929497,ETS1	11	127,951,062	A/G	0.379	-0.026	0.003	3.20E-14
rs680952	FLI1	11	128,663,908	G/T	0.349	-0.020	0.003	9.80E-11
rs12424113	B4GALNT3	12	569,948	C/T	0.411	0.024	0.003	9.00E-15
rs6489548	B4GALNT3	12	588,604	A/G	0.282	-0.026	0.003	5.00E-15
rs143532828	FOXM1	12	2,973,887	C/A	0.008	-0.115	0.017	7.20E-11
rs71061176	CCND2-AS1	12	4,378,745	C/CT	0.406	-0.022	0.004	3.80E-10
rs741090	PTPN6\x3bC12orf57	12	7,055,380	G/A	0.182	0.022	0.004	8.40E-09
rs4883201	PHC1	12	9,082,581	A/G	0.225	-0.023	0.004	6.20E-10
rs2724616	ETV6	12	11,870,768	A/G	0.274	-0.026	0.003	1.50E-12
rs200992198	DUSP16,CREBL2	12	12,724,614	TACCATTGC/T	0.075	-0.038	0.007	1.90E-08
rs7956514	APOLD1	12	12,879,254	T/G	0.416	-0.022	0.003	6.80E-13
rs58612760	GRIN2B,ATF7IP	12	14,365,109	T/C	0.017	-0.068	0.012	1.70E-08
rs7953905	PDE3A	12	20,668,796	A/G	0.047	-0.043	0.008	5.80E-10
rs12230367	KLHL42,PTHLH	12	28,108,688	G/A	0.095	0.046	0.005	2.80E-17
rs10843148	CCDC91	12	28,441,064	A/G	0.363	0.026	0.003	3.80E-16
rs11051052	CAPRIN2	12	30,898,000	G/A	0.473	0.018	0.003	1.10E-08
rs12306007	SLC38A4	12	47,184,042	C/T	0.184	0.025	0.004	1.20E-10
rs2280447	LOC283335	12	53,438,704	G/C	0.143	0.038	0.005	2.40E-18
rs199673881	SP7	12	53,722,361	G/A	0.012	-0.164	0.014	1.50E-30
rs7970462	ATF7,ATP5G2	12	54,022,602	T/C	0.363	0.029	0.003	4.90E-20
rs7133285	CS,CNPY2	12	56,699,429	G/A	0.204	-0.105	0.004	3.40E-164
rs2277339	PRIM1	12	57,146,069	T/G	0.205	-0.031	0.004	7.10E-18
rs61937568	STAT6,LRP1	12	57,510,785	G/C	0.117	0.027	0.005	5.20E-09
rs6581157	CTDSP2,LOC100506844	12	58,288,793	C/T	0.188	-0.023	0.004	5.50E-10
rs10784445	LEMD3,MSRB3	12	65,666,390	A/G	0.291	0.026	0.003	4.50E-14
rs11175898	LOC100507065,RPSAP52	12	66,133,997	G/A	0.205	0.036	0.004	6.20E-22
rs17179670	HMGA2	12	66,349,812	A/G	0.048	-0.083	0.007	2.10E-29
rs10748128	YEATS4,FRS2	12	69,827,658	G/T	0.327	0.025	0.003	9.80E-14
rs9669571	E2F7,NAV3	12	77,608,050	G/A	0.162	-0.023	0.004	2.00E-08
rs79432630	LINC00936,LINC00615	12	90,228,123	C/T	0.100	0.029	0.005	7.80E-10
rs11107120	SOCS2,CRADD	12	93,985,482	T/C	0.308	0.049	0.003	1.20E-49
rs10859536	SOCS2,CRADD	12	93,989,732	G/A	0.108	0.062	0.006	2.50E-29
rs7953280	CRADD	12	94,136,009	G/C	0.187	-0.035	0.004	2.40E-18
rs10777546	CRADD	12	94,238,445	A/G	0.478	0.017	0.003	4.20E-09
rs113701417	PARPBP	12	102,551,715	G/A	0.309	-0.066	0.003	4.00E-85
rs6214	IGF1	12	102,793,569	C/T	0.475	-0.023	0.004	1.10E-11
rs7979284	IGF1,LINC00485	12	102,994,983	T/C	0.137	0.028	0.005	2.10E-09
rs7312112	IGF1,LINC00485	12	103,046,823	T/G	0.459	-0.025	0.003	2.60E-16
rs17033112	IGF1,LINC00485	12	103,122,915	G/A	0.106	-0.047	0.005	2.60E-20
rs12320918	CHST11	12	105,156,452	G/A	0.174	0.026	0.004	1.50E-10
rs10861678	RIC8B,TMEM263	12	107,319,661	G/A	0.266	-0.023	0.004	7.90E-11
rs671	ALDH2	12	112,241,766	G/A	0.244	-0.030	0.004	1.30E-12
rs11067904	MED13L	12	116,529,835	G/C	0.234	-0.020	0.004	3.70E-09
rs11615503	FAM101A,ZNF664-FAM101A	12	124,777,631	G/A	0.488	-0.032	0.003	1.20E-24
rs143270813	NCOR2	12	125,002,892	G/A	0.077	-0.041	0.006	1.00E-10
rs11146949	FBRSL1	12	133,154,266	G/A	0.104	-0.032	0.005	3.60E-09
rs11613325	CHFR	12	133,419,838	A/G	0.151	0.028	0.004	6.90E-11
rs743760	MINOS1P1	13	33,071,127	G/C	0.154	0.027	0.004	3.10E-09
rs9532077	LINC00547	13	38,111,146	G/A	0.270	0.020	0.004	1.70E-08
rs7320598	COG6	13	40,345,466	C/T	0.303	0.023	0.003	1.60E-13
rs57141708	ELF1	13	41,575,391	G/A	0.255	-0.028	0.004	3.30E-15
rs1239704	DLEU1,DLEU7	13	51,152,611	G/A	0.242	-0.031	0.004	4.50E-17
rs7981906	SPRY2,LINC00377	13	80,916,856	C/A	0.371	-0.017	0.003	7.90E-09
rs7327945	LINC00379,MIR17HG	13	91,985,971	A/C	0.320	-0.028	0.003	1.50E-16
rs75779304	TFDP1,ATP4B	13	114,301,338	G/A	0.038	0.053	0.008	1.80E-09
rs7316983	UPF3A,CHAMP1	13	115,074,878	C/T	0.183	-0.023	0.004	3.30E-10
rs8008748	HNRNPC,RPGRIP1	14	21,741,941	C/T	0.170	0.027	0.004	2.20E-10
rs78484822	CHD8,RAB2B	14	21,924,225	G/A	0.062	0.068	0.007	4.10E-25
rs1057119	HOMEZ	14	23,746,269	C/G	0.180	0.026	0.004	2.90E-11
rs12885642	NKX2-1-AS1,NKX2-8	14	37,014,076	T/C	0.375	-0.024	0.003	2.10E-14
rs8003014	SLC25A21	14	37,152,350	T/C	0.478	0.021	0.003	2.80E-10
rs6572975	SAMD4A	14	55,260,666	C/A	0.458	0.020	0.003	3.30E-10
rs35320790	SALRNA1,SIX1	14	61,108,825	C/A	0.223	-0.034	0.004	2.20E-20
rs11158303	SIX4	14	61,178,279	A/G	0.335	-0.020	0.003	1.70E-09
rs4902358	MAX	14	65,542,477	A/G	0.245	-0.021	0.004	1.80E-09
rs4902592	RAD51B	14	68,922,021	T/C	0.491	0.020	0.003	3.70E-11
rs862045	LTBP2	14	74,984,368	A/G	0.248	0.028	0.004	1.00E-15
rs1548817	TC2N	14	92,332,868	C/T	0.131	0.039	0.005	1.20E-20
rs4904823	FBLN5	14	92,380,672	T/A	0.310	-0.019	0.003	2.40E-08
rs1133441	TRIP11	14	92,435,065	T/A	0.423	-0.051	0.003	6.90E-62
rs7156335	ITPK1	14	93,406,232	T/C	0.087	0.036	0.006	7.20E-11
rs117182230	DLK1	14	101,196,269	C/T	0.070	-0.050	0.006	2.10E-18
rs10150698	ANKRD9,MIR4309	14	102,977,876	T/C	0.432	-0.020	0.003	3.10E-11
rs35771849	MARK3,CKB	14	103,981,942	A/G	0.307	-0.026	0.003	1.50E-15
rs117686021	MKRN3	15	23,810,652	C/T	0.041	-0.068	0.009	1.10E-15
rs10519170	DUT,FBN1	15	48,686,175	A/G	0.375	-0.031	0.004	2.80E-17
rs76610457	FBN1	15	48,748,644	T/A	0.230	0.023	0.004	1.80E-09
rs2247876	FBN1	15	48,931,451	T/C	0.250	-0.035	0.004	4.60E-23
rs12909519	AP4E1,TNFAIP8L3	15	51,341,867	A/C	0.438	0.024	0.003	9.90E-16
rs2445752	CYP19A1	15	51,576,385	A/G	0.411	-0.041	0.003	3.10E-39
rs2470180	GLDN	15	51,682,775	G/A	0.351	-0.021	0.003	5.40E-11
rs8037775	WDR72	15	53,999,128	T/C	0.437	-0.020	0.003	8.70E-11
rs4775300	RORA	15	61,111,318	A/G	0.103	0.032	0.005	1.70E-09
rs731820	C2CD4A,C2CD4B	15	62,378,136	G/A	0.385	-0.021	0.003	8.50E-12
rs76132480	LINC01169,SMAD6	15	66,992,427	C/T	0.111	-0.031	0.005	5.00E-10
rs4776879	SMAD3	15	67,364,320	T/A	0.362	0.019	0.003	1.40E-08
rs16954106	TLE3	15	70,357,918	G/A	0.165	0.031	0.004	2.80E-13
rs4886782	LOXL1	15	74,228,810	G/A	0.089	-0.039	0.005	4.40E-14
rs8025068	ARID3B	15	74,870,045	G/T	0.486	-0.023	0.003	5.40E-14
rs11639183	PTPN9	15	75,807,692	T/C	0.431	0.036	0.003	2.80E-31
rs11325	IL16	15	81,601,340	G/T	0.214	0.023	0.004	4.20E-10
rs35056343	TMC3-AS1,MEX3B	15	81,835,460	AT/A	0.188	0.030	0.004	9.40E-14
rs8038454	ADAMTSL3	15	84,339,436	G/T	0.178	0.026	0.004	1.00E-09
rs111470917	ADAMTSL3	15	84,585,538	A/AAAAAT	0.294	0.038	0.003	1.70E-31
rs201196042	PDE8A	15	85,574,143	T/A	0.005	-0.149	0.023	2.30E-11
rs72765671	ACAN	15	89,361,142	A/G	0.064	-0.037	0.007	2.80E-09
rs56071466	ACAN	15	89,370,466	G/A	0.314	-0.020	0.004	4.70E-08
rs11630187	ACAN	15	89,387,904	A/G	0.374	-0.024	0.003	3.40E-14
rs35148461	ACAN	15	89,413,243	T/C	0.271	-0.021	0.004	1.60E-09
rs371908554	HAPLN3	15	89,438,963	ACG/A	0.009	-0.127	0.019	1.20E-10
NA	MFGE8,ABHD2	15	89,459,676	G/A	0.007	-0.128	0.021	2.50E-09
rs7176403	PEX11A	15	90,227,956	C/T	0.325	-0.022	0.003	9.30E-11
rs9672558	FAM169B,IRAIN	15	99,180,205	T/C	0.061	-0.101	0.007	4.60E-56
rs62024476	IGF1R	15	99,231,105	G/A	0.218	-0.023	0.004	7.20E-10
rs733710	PGPEP1L	15	99,513,231	C/T	0.123	-0.034	0.005	5.90E-13
rs2727195	ADAMTS17	15	100,513,117	G/A	0.366	-0.035	0.006	5.90E-11
rs2573652	ADAMTS17	15	100,514,614	T/C	0.478	0.028	0.003	3.40E-19
rs145482150	ADAMTS17	15	100,533,312	C/T	0.003	-0.275	0.036	1.30E-14
rs397807524	ADAMTS17	15	100,592,440	C/CAG	0.454	0.021	0.003	1.70E-11
rs149578709	ADAMTS17	15	100,672,408	A/G	0.067	-0.060	0.007	2.30E-17
rs76301628	ADAMTS17	15	100,723,437	G/T	0.198	-0.020	0.004	1.50E-08
rs4467054	ADAMTS17	15	100,795,372	G/T	0.334	-0.026	0.003	2.90E-15
rs28411867	ADAMTS17	15	100,854,493	C/T	0.394	-0.021	0.003	1.30E-11
rs12905213	PCSK6	15	102,015,320	C/G	0.479	0.019	0.003	1.60E-09
rs214246	AXIN1	16	349,293	A/G	0.380	-0.024	0.003	3.30E-13
rs199866266	HAGHL	16	779,296	C/G	0.008	-0.121	0.023	1.50E-08
rs61112891	NARFL	16	783,156	G/C	0.223	0.019	0.004	4.90E-08
rs596501	SSTR5-AS1	16	1,116,213	G/A	0.257	-0.022	0.004	9.20E-11
rs25849	PGP	16	2,265,071	C/G	0.420	0.021	0.003	9.70E-12
rs3112681	SRRM2	16	2,803,956	C/T	0.409	0.023	0.003	4.00E-12
rs397812377	ADCY9	16	4,029,971	G/GCT	0.456	0.017	0.003	9.90E-09
rs34583040	CPPED1,SHISA9	16	12,903,964	G/A	0.104	-0.029	0.005	2.60E-09
rs246185	MKL2,MIR193B	16	14,395,432	T/C	0.498	0.028	0.003	7.90E-20
rs34614532	NTAN1,PDXDC1	16	15,132,908	T/C	0.445	-0.024	0.003	1.20E-15
rs3803647	POLR3E	16	22,334,563	C/T	0.160	-0.027	0.004	1.80E-11
rs1386075	LINC01571,C16orf97	16	51,860,916	C/A	0.325	0.019	0.003	1.10E-08
rs117968336	SMPD3	16	68,395,371	G/A	0.140	0.042	0.005	1.40E-19
rs6499255	WWP2	16	69,830,328	A/G	0.328	-0.030	0.003	1.20E-17
rs149523885	CMIP	16	81,592,748	CAGA/C	0.288	-0.018	0.003	1.20E-08
NA	CRISPLD2	16	84,872,195	G/C	0.001	-0.292	0.048	5.60E-10
rs6540002	LOC440390,LOC101928708	16	87,108,130	G/C	0.222	0.020	0.004	1.80E-08
rs137888851	LOC101928737	16	87,537,311	C/T	0.156	-0.030	0.005	6.70E-11
rs7186082	PIEZO1	16	88,783,903	A/G	0.174	0.023	0.004	5.10E-09
rs1126464	DPEP1	16	89,704,365	G/C	0.321	0.044	0.003	1.30E-41
rs78088233	MIR497HG	17	6,921,669	G/A	0.065	0.040	0.007	3.90E-09
NA	BCL6B	17	6,925,490	C/T	0.004	0.203	0.026	4.30E-15
rs55749333	ZBTB4	17	7,371,932	C/T	0.297	-0.021	0.003	1.50E-09
rs57985356	DNAH2	17	7,735,063	T/G	0.306	-0.026	0.003	2.60E-15
rs1317349	KCNJ12	17	21,283,507	T/G	0.335	0.025	0.003	8.90E-15
rs11650725	NONE,MIR4522	17	25,615,547	T/C	0.247	0.020	0.004	2.00E-08
rs1043515	PIP4K2B	17	36,922,196	A/G	0.246	0.028	0.004	7.10E-16
rs4795393	GRB7	17	37,893,484	C/T	0.491	0.018	0.003	4.70E-09
rs584438	IGFBP4	17	38,599,172	C/A	0.424	-0.029	0.003	6.10E-21
rs752313	EZH1,RAMP2-AS1	17	40,901,824	T/C	0.446	0.021	0.003	3.10E-12
rs2285951	ATXN7L3	17	42,272,909	C/T	0.049	-0.047	0.007	4.90E-10
rs4986172	ACBD4	17	43,216,281	C/T	0.427	-0.019	0.003	4.50E-10
rs2696685	NSFP1,ARL17A	17	44,573,374	G/T	0.306	-0.022	0.004	1.20E-08
rs11869940	MRPL45P2,NPEPPS	17	45,578,435	T/A	0.456	0.018	0.003	7.70E-09
rs1057902	UBE2Z	17	47,005,588	C/T	0.279	-0.025	0.004	1.80E-13
rs16948048	LOC102724596	17	47,440,466	A/G	0.133	-0.035	0.005	3.90E-16
rs201158957	CHAD	17	48,545,926	C/A	0.008	0.169	0.018	9.80E-22
rs56335503	PCTP,ANKFN1	17	54,203,655	G/A	0.472	-0.021	0.003	1.40E-11
rs78245495	ANKFN1,NOG	17	54,605,677	G/A	0.043	0.046	0.009	1.40E-08
rs1401795	NOG,C17orf67	17	54,839,652	A/G	0.285	-0.025	0.004	5.30E-13
rs703862	MSI2,CCDC182	17	55,758,646	A/G	0.251	0.027	0.004	1.20E-13
rs7214743	C17orf82,TBX4	17	59,498,052	A/G	0.342	-0.050	0.003	2.60E-52
rs2008018	CSH2,GH2	17	61,954,471	G/A	0.452	-0.040	0.003	1.30E-44
rs201981153	CSH1,CSHL1	17	61,976,011	G/T	0.008	-0.154	0.018	5.40E-18
rs112489358	SCN4A	17	62,016,727	C/CACACATATAT	0.473	0.036	0.005	3.20E-14
rs4790930	AXIN2	17	63,551,384	C/A	0.376	-0.017	0.003	5.60E-09
rs4790941	BPTF	17	65,977,132	G/A	0.287	0.022	0.003	9.60E-11
rs4793393	CASC17,LOC102723505	17	69,992,847	T/C	0.061	0.043	0.007	2.50E-12
rs1656794	42987	17	75,386,909	A/G	0.303	0.020	0.003	7.00E-09
rs6506015	THOC1	18	258,284	C/G	0.411	0.027	0.003	1.10E-16
rs11082304	CABLES1	18	20,720,973	G/T	0.476	0.021	0.004	6.80E-09
rs4369779	CABLES1	18	20,735,408	T/C	0.202	0.068	0.004	2.70E-69
rs8091632	ZNF521	18	22,842,153	C/A	0.435	-0.018	0.003	1.70E-08
rs12971049	FHOD3	18	34,094,939	C/G	0.487	-0.016	0.003	4.60E-08
rs55696495	ZBTB7C,CTIF	18	45,876,302	T/C	0.333	-0.019	0.003	1.00E-08
rs12458127	DYM	18	46,657,358	C/T	0.342	-0.028	0.003	1.20E-15
rs35614134	PMAIP1,MC4R	18	57,832,856	A/AC	0.226	0.030	0.004	4.80E-17
rs74494415	GALR1	18	74,972,138	C/T	0.089	-0.033	0.006	4.90E-08
rs8090312	NFATC1	18	77,225,154	A/G	0.394	-0.018	0.003	2.80E-08
rs35917214	AP3D1	19	2,135,714	T/G	0.163	-0.038	0.005	6.10E-19
rs60781577	NCLN	19	3,207,865	G/T	0.216	-0.025	0.004	2.70E-11
rs4807467	NFIC	19	3,433,202	T/A	0.463	0.026	0.003	8.80E-18
rs11085094	MIR7-3HG,FEM1A	19	4,781,103	G/T	0.060	-0.042	0.007	8.00E-10
rs10421414	INSR	19	7,133,935	T/C	0.484	-0.019	0.003	8.00E-09
rs4804413	INSR	19	7,222,655	C/T	0.407	-0.025	0.003	1.40E-14
rs12980251	MYO1F	19	8,637,967	C/A	0.162	-0.026	0.004	1.20E-09
rs199957421	ICAM1	19	10,392,379	A/AC	0.033	-0.060	0.010	1.00E-11
rs1560710	SLC44A2	19	10,742,443	C/T	0.342	-0.039	0.003	2.90E-34
rs60722046	ZNF763	19	12,076,851	G/A	0.076	0.034	0.006	3.40E-08
rs1042164	IER2	19	13,264,398	C/T	0.029	-0.054	0.009	5.50E-09
rs2305769	MYO9B	19	17,264,961	G/C	0.339	-0.020	0.003	1.90E-09
rs17288409	GATAD2A	19	19,504,167	T/C	0.258	-0.024	0.004	3.90E-12
rs17832737	DPY19L3	19	32,912,622	A/G	0.490	0.019	0.003	1.70E-09
rs147683721	ZNF793	19	38,021,545	G/A	0.087	-0.030	0.006	1.70E-09
rs4674	BCKDHA	19	41,930,396	A/G	0.477	-0.021	0.003	2.00E-11
rs3213250	XRCC1	19	44,078,228	ATTATT/A	0.262	0.020	0.004	1.50E-08
rs36013629	RCN3	19	50,042,867	T/TG	0.201	0.024	0.004	8.40E-10
rs67795913	TNNT1	19	55,653,297	A/C	0.189	-0.025	0.004	2.50E-09
rs7264113	RNF24,SMOX	20	4,090,802	G/A	0.111	0.041	0.005	5.90E-17
rs1000972	CASC20,BMP2	20	6,621,717	T/A	0.080	-0.046	0.006	9.40E-18
rs74564651	CASC20,BMP2	20	6,673,624	C/T	0.105	0.039	0.005	2.10E-13
NA	NA	20	8,521,304	C/<INS:ME:ALU>	0.147	-0.037	0.005	1.60E-16
rs13734	RRBP1	20	17,594,729	G/A	0.487	-0.018	0.003	9.30E-10
rs6075733	RALGAPA2,KIZ	20	20,856,254	T/C	0.252	-0.022	0.004	7.50E-11
rs398121251	KIZ	20	21,223,946	G/GA	0.478	-0.028	0.003	2.80E-19
rs17861031	PAX1	20	21,687,344	G/A	0.158	-0.024	0.004	3.50E-09
rs199766	LINC01427,LOC284788	20	22,375,755	T/A	0.412	0.017	0.003	3.30E-08
rs34467919	C20orf203,COMMD7	20	31,272,928	T/C	0.286	-0.021	0.003	7.00E-11
rs3213180	E2F1	20	32,263,624	G/C	0.279	-0.024	0.004	9.80E-11
rs143383	GDF5	20	34,025,983	A/G	0.225	0.063	0.004	5.40E-67
rs6073782	RPN2,GHRH	20	35,871,134	A/C	0.410	0.027	0.003	4.20E-17
rs2235363	ZHX3	20	39,807,769	G/A	0.468	-0.018	0.003	1.20E-10
rs11537645	UBE2C	20	44,441,403	C/G	0.113	-0.031	0.005	4.30E-10
rs238164	DDX27	20	47,844,341	A/G	0.092	0.030	0.005	1.40E-08
rs142530265	GNAS-AS1	20	57,406,379	C/CT	0.079	-0.058	0.006	2.10E-21
rs58744877	GNAS	20	57,432,606	T/A	0.106	-0.063	0.005	2.10E-35
rs2249350	ADAMTS5	21	28,322,506	C/A	0.381	0.018	0.003	3.10E-08
rs11911974	ITSN1	21	35,243,694	A/G	0.474	-0.018	0.003	7.50E-09
rs7282733	LINC00310,KCNE2	21	35,708,580	C/T	0.416	0.019	0.003	4.80E-08
rs113382956	MORC3,CHAF1B	21	37,750,829	T/C	0.492	-0.020	0.003	2.60E-09
rs140708629	KCNJ15,LINC01423	21	39,689,979	T/TAAG	0.342	-0.029	0.003	1.10E-17
rs34705151	PSMG1	21	40,553,344	G/A	0.396	-0.020	0.003	3.10E-10
rs184395229	COL6A2	21	47,549,363	G/C	0.013	-0.080	0.016	4.90E-08
rs145952310	ZNF70	22	24,087,185	T/C	0.029	-0.059	0.009	3.20E-10
rs5753566	PATZ1	22	31,735,212	A/G	0.450	-0.019	0.003	1.60E-09
rs114134839	SYN3	22	33,058,602	G/A	0.292	-0.043	0.003	1.30E-36
rs11450220	MAFF	22	38,607,534	T/TG	0.354	-0.016	0.003	4.70E-08
rs5766632	UPK3A,FAM118A	22	45,696,695	G/A	0.456	0.023	0.003	7.20E-14
rs58280444	MIRLET7BHG	22	46,483,917	G/A	0.108	0.057	0.005	5.90E-27
rs7058676	FAAH2	X	57,348,523	C/T	0.297	-0.034	0.003	1.16E-26
rs4844299	BCYRN1	X	70,854,274	T/C	0.447	0.017	0.003	2.70E-09
rs5938929	MIR325,FGF16	X	76,436,875	G/C	0.272	-0.041	0.003	2.44E-36
rs12837147	ATP7A	X	77,169,575	C/T	0.431	-0.030	0.003	2.38E-25
rs140498234	MUM1L1,CXorf57	X	105,477,754	T/C	0.025	0.068	0.010	3.96E-11
rs3848873	SLC25A43,SLC25A5-AS1	X	118,594,422	T/C	0.416	0.024	0.003	4.54E-17
rs148300465	RAB33A,ZNF280C	X	129,325,425	T/C	0.063	0.047	0.007	2.60E-12
rs7065171	LINC00629	X	133,683,590	C/G	0.217	0.027	0.004	1.88E-13
rs426349	LOC389895,SOX3	X	139,282,091	C/T	0.497	0.023	0.003	8.12E-12
